     0.000,   0.778867E-08,   0.172576E+06,   0.118625E+02,  -0.430450E+05,
     0.100,  -0.183749E-08,   0.172544E+06,   0.118626E+02,  -0.444336E+05,
     0.210,  -0.160000E-01,   0.175348E+06,   0.118626E+02,  -0.444336E+05,
     0.331,  -0.440000E-01,   0.175261E+06,   0.118626E+02,  -0.444336E+05,
     0.452,  -0.720000E-01,   0.175386E+06,   0.118626E+02,  -0.444336E+05,
     0.573,  -0.100000E+00,   0.175277E+06,   0.118626E+02,  -0.458221E+05,
     0.694,  -0.127000E+00,   0.175234E+06,   0.118626E+02,  -0.444336E+05,
     0.815,  -0.153000E+00,   0.175087E+06,   0.118626E+02,  -0.444336E+05,
     0.936,  -0.202000E+00,   0.179296E+06,   0.118625E+02,  -0.458221E+05,
     1.057,  -0.224000E+00,   0.171307E+06,   0.118624E+02,  -0.430450E+05,
     1.178,  -0.245000E+00,   0.177474E+06,   0.118621E+02,  -0.444336E+05,
     1.299,  -0.263000E+00,   0.171947E+06,   0.118609E+02,  -0.430450E+05,
     1.420,  -0.279000E+00,   0.176172E+06,   0.118582E+02,  -0.444336E+05,
     1.541,  -0.305000E+00,   0.174355E+06,   0.118523E+02,  -0.472107E+05,
     1.662,  -0.315000E+00,   0.173292E+06,   0.118417E+02,  -0.458221E+05,
     1.783,  -0.323000E+00,   0.173520E+06,   0.118250E+02,  -0.458221E+05,
     1.904,  -0.329000E+00,   0.173200E+06,   0.118019E+02,  -0.444336E+05,
     2.025,  -0.334000E+00,   0.173102E+06,   0.117733E+02,  -0.458221E+05,
     2.146,  -0.335000E+00,   0.172663E+06,   0.117407E+02,  -0.416565E+05,
     2.267,  -0.334000E+00,   0.172614E+06,   0.117053E+02,  -0.472107E+05,
     2.388,  -0.331000E+00,   0.172571E+06,   0.116678E+02,  -0.444336E+05,
     2.509,  -0.327000E+00,   0.172614E+06,   0.116293E+02,  -0.444336E+05,
     2.630,  -0.313000E+00,   0.171383E+06,   0.115914E+02,  -0.430450E+05,
     2.751,  -0.305000E+00,   0.173927E+06,   0.115556E+02,  -0.430450E+05,
     2.872,  -0.295000E+00,   0.172272E+06,   0.115220E+02,  -0.416565E+05,
     2.993,  -0.284000E+00,   0.173786E+06,   0.114905E+02,  -0.444336E+05,
     3.114,  -0.272000E+00,   0.172343E+06,   0.114610E+02,  -0.388794E+05,
     3.235,  -0.244000E+00,   0.169918E+06,   0.114345E+02,  -0.402679E+05,
     3.356,  -0.229000E+00,   0.172647E+06,   0.114117E+02,  -0.430450E+05,
     3.477,  -0.213000E+00,   0.168617E+06,   0.113927E+02,  -0.416565E+05,
     3.598,  -0.197000E+00,   0.170244E+06,   0.113770E+02,  -0.416565E+05,
     3.719,  -0.179000E+00,   0.167277E+06,   0.113644E+02,  -0.402679E+05,
     3.840,  -0.141000E+00,   0.165243E+06,   0.113550E+02,  -0.416565E+05,
     3.961,  -0.121000E+00,   0.168996E+06,   0.113489E+02,  -0.472107E+05,
     4.082,  -0.100000E+00,   0.165275E+06,   0.113456E+02,  -0.430450E+05,
     4.203,  -0.780000E-01,   0.167619E+06,   0.113447E+02,  -0.402679E+05,
     4.324,  -0.340000E-01,   0.161918E+06,   0.113458E+02,  -0.402679E+05,
     4.445,  -0.100000E-01,   0.170141E+06,   0.113492E+02,  -0.416565E+05,
     4.566,   0.120000E-01,   0.164039E+06,   0.113556E+02,  -0.402679E+05,
     4.687,   0.360000E-01,   0.168622E+06,   0.113661E+02,  -0.402679E+05,
     4.808,   0.590000E-01,   0.165053E+06,   0.113816E+02,  -0.388794E+05,
     4.929,   0.105000E+00,   0.164603E+06,   0.114026E+02,  -0.388794E+05,
     5.050,   0.127000E+00,   0.169642E+06,   0.114293E+02,  -0.388794E+05,
     5.171,   0.148000E+00,   0.166800E+06,   0.114620E+02,  -0.388794E+05,
     5.292,   0.169000E+00,   0.169398E+06,   0.115010E+02,  -0.402679E+05,
     5.413,   0.189000E+00,   0.168047E+06,   0.115460E+02,  -0.374908E+05,
     5.534,   0.225000E+00,   0.166827E+06,   0.115957E+02,  -0.402679E+05,
     5.655,   0.241000E+00,   0.171746E+06,   0.116488E+02,  -0.374908E+05,
     5.776,   0.256000E+00,   0.168194E+06,   0.117046E+02,  -0.402679E+05,
     5.897,   0.268000E+00,   0.171399E+06,   0.117624E+02,  -0.388794E+05,
     6.018,   0.279000E+00,   0.168665E+06,   0.118213E+02,  -0.416565E+05,
     6.139,   0.296000E+00,   0.169848E+06,   0.118803E+02,  -0.430450E+05,
     6.260,   0.302000E+00,   0.170895E+06,   0.119390E+02,  -0.374908E+05,
     6.381,   0.307000E+00,   0.170878E+06,   0.119976E+02,  -0.430450E+05,
     6.502,   0.310000E+00,   0.171746E+06,   0.120556E+02,  -0.444336E+05,
     6.623,   0.312000E+00,   0.172088E+06,   0.121118E+02,  -0.416565E+05,
     6.744,   0.312000E+00,   0.172983E+06,   0.121651E+02,  -0.430450E+05,
     6.865,   0.310000E+00,   0.173786E+06,   0.122156E+02,  -0.416565E+05,
     6.986,   0.307000E+00,   0.174464E+06,   0.122640E+02,  -0.444336E+05,
     7.107,   0.303000E+00,   0.175266E+06,   0.123105E+02,  -0.416565E+05,
     7.228,   0.292000E+00,   0.176633E+06,   0.123541E+02,  -0.430450E+05,
     7.349,   0.285000E+00,   0.175500E+06,   0.123942E+02,  -0.444336E+05,
     7.470,   0.277000E+00,   0.177073E+06,   0.124310E+02,  -0.430450E+05,
     7.591,   0.267000E+00,   0.176758E+06,   0.124654E+02,  -0.430450E+05,
     7.712,   0.257000E+00,   0.177507E+06,   0.124971E+02,  -0.472107E+05,
     7.833,   0.233000E+00,   0.179785E+06,   0.125254E+02,  -0.458221E+05,
     7.954,   0.220000E+00,   0.176536E+06,   0.125493E+02,  -0.472107E+05,
     8.075,   0.207000E+00,   0.179589E+06,   0.125683E+02,  -0.485992E+05,
     8.196,   0.193000E+00,   0.177599E+06,   0.125824E+02,  -0.444336E+05,
     8.317,   0.178000E+00,   0.179318E+06,   0.125910E+02,  -0.472107E+05,
     8.438,   0.145000E+00,   0.180712E+06,   0.125937E+02,  -0.458221E+05,
     8.559,   0.126000E+00,   0.177225E+06,   0.125897E+02,  -0.444336E+05,
     8.680,   0.107000E+00,   0.180061E+06,   0.125792E+02,  -0.458221E+05,
     8.801,   0.860000E-01,   0.178304E+06,   0.125624E+02,  -0.472107E+05,
     8.922,   0.420000E-01,   0.183478E+06,   0.125396E+02,  -0.444336E+05,
     9.043,   0.190000E-01,   0.175386E+06,   0.125114E+02,  -0.485992E+05,
     9.164,  -0.399999E-02,   0.181792E+06,   0.124779E+02,  -0.458221E+05,
     9.285,  -0.270000E-01,   0.176861E+06,   0.124394E+02,  -0.472107E+05,
     9.406,  -0.510000E-01,   0.181309E+06,   0.123965E+02,  -0.444336E+05,
     9.527,  -0.101000E+00,   0.181824E+06,   0.123501E+02,  -0.472107E+05,
     9.648,  -0.124000E+00,   0.176389E+06,   0.123011E+02,  -0.485992E+05,
     9.769,  -0.147000E+00,   0.179747E+06,   0.122494E+02,  -0.485992E+05,
     9.890,  -0.171000E+00,   0.176780E+06,   0.121951E+02,  -0.472107E+05,
    10.011,  -0.193000E+00,   0.177924E+06,   0.121384E+02,  -0.472107E+05,
    10.132,  -0.234000E+00,   0.179345E+06,   0.120797E+02,  -0.472107E+05,
    10.253,  -0.253000E+00,   0.173292E+06,   0.120197E+02,  -0.444336E+05,
    10.374,  -0.270000E+00,   0.176726E+06,   0.119585E+02,  -0.472107E+05,
    10.495,  -0.285000E+00,   0.172788E+06,   0.118963E+02,  -0.444336E+05,
    10.616,  -0.298000E+00,   0.174946E+06,   0.118336E+02,  -0.458221E+05,
    10.737,  -0.318000E+00,   0.173542E+06,   0.117711E+02,  -0.458221E+05,
    10.858,  -0.326000E+00,   0.171942E+06,   0.117086E+02,  -0.444336E+05,
    10.979,  -0.330000E+00,   0.171643E+06,   0.116458E+02,  -0.485992E+05,
    11.100,  -0.333000E+00,   0.171350E+06,   0.115831E+02,  -0.444336E+05,
    11.221,  -0.333000E+00,   0.170667E+06,   0.115218E+02,  -0.444336E+05,
    11.342,  -0.330000E+00,   0.170531E+06,   0.114633E+02,  -0.444336E+05,
    11.463,  -0.325000E+00,   0.169815E+06,   0.114077E+02,  -0.416565E+05,
    11.584,  -0.319000E+00,   0.169750E+06,   0.113546E+02,  -0.402679E+05,
    11.705,  -0.310000E+00,   0.168665E+06,   0.113044E+02,  -0.444336E+05,
    11.826,  -0.288000E+00,   0.166919E+06,   0.112586E+02,  -0.416565E+05,
    11.947,  -0.275000E+00,   0.169490E+06,   0.112181E+02,  -0.402679E+05,
    12.068,  -0.261000E+00,   0.167038E+06,   0.111830E+02,  -0.416565E+05,
    12.189,  -0.245000E+00,   0.168231E+06,   0.111528E+02,  -0.430450E+05,
    12.310,  -0.228000E+00,   0.166734E+06,   0.111276E+02,  -0.402679E+05,
    12.431,  -0.190000E+00,   0.163822E+06,   0.111080E+02,  -0.388794E+05,
    12.552,  -0.171000E+00,   0.168714E+06,   0.110949E+02,  -0.388794E+05,
    12.673,  -0.150000E+00,   0.163724E+06,   0.110883E+02,  -0.402679E+05,
    12.794,  -0.129000E+00,   0.167082E+06,   0.110877E+02,  -0.402679E+05,
    12.915,  -0.107000E+00,   0.163887E+06,   0.110932E+02,  -0.388794E+05,
    13.036,  -0.620000E-01,   0.162449E+06,   0.111051E+02,  -0.402679E+05,
    13.157,  -0.390000E-01,   0.166984E+06,   0.111237E+02,  -0.402679E+05,
    13.278,  -0.169999E-01,   0.163355E+06,   0.111487E+02,  -0.402679E+05,
    13.399,   0.400002E-02,   0.166208E+06,   0.111796E+02,  -0.430450E+05,
    13.520,   0.260000E-01,   0.164245E+06,   0.112157E+02,  -0.416565E+05,
    13.641,   0.670000E-01,   0.163214E+06,   0.112564E+02,  -0.416565E+05,
    13.762,   0.860000E-01,   0.168324E+06,   0.113016E+02,  -0.430450E+05,
    13.883,   0.104000E+00,   0.164852E+06,   0.113514E+02,  -0.402679E+05,
    14.004,   0.121000E+00,   0.168313E+06,   0.114054E+02,  -0.402679E+05,
    14.125,   0.151000E+00,   0.164147E+06,   0.114627E+02,  -0.402679E+05,
    14.246,   0.165000E+00,   0.171470E+06,   0.115225E+02,  -0.374908E+05,
    14.367,   0.177000E+00,   0.166875E+06,   0.115845E+02,  -0.402679E+05,
    14.488,   0.187000E+00,   0.171784E+06,   0.116490E+02,  -0.388794E+05,
    14.609,   0.197000E+00,   0.168432E+06,   0.117152E+02,  -0.402679E+05,
    14.730,   0.212000E+00,   0.171459E+06,   0.117820E+02,  -0.430450E+05,
    14.851,   0.218000E+00,   0.171410E+06,   0.118481E+02,  -0.402679E+05,
    14.972,   0.224000E+00,   0.172582E+06,   0.119134E+02,  -0.402679E+05,
    15.093,   0.228000E+00,   0.172305E+06,   0.119782E+02,  -0.402679E+05,
    15.214,   0.231000E+00,   0.173368E+06,   0.120420E+02,  -0.416565E+05,
    15.335,   0.236000E+00,   0.172495E+06,   0.121037E+02,  -0.444336E+05,
    15.456,   0.237000E+00,   0.174735E+06,   0.121623E+02,  -0.416565E+05,
    15.577,   0.238000E+00,   0.173498E+06,   0.122175E+02,  -0.430450E+05,
    15.698,   0.237000E+00,   0.175624E+06,   0.122692E+02,  -0.416565E+05,
    15.819,   0.236000E+00,   0.174241E+06,   0.123171E+02,  -0.444336E+05,
    15.940,   0.231000E+00,   0.176720E+06,   0.123605E+02,  -0.472107E+05,
    16.061,   0.228000E+00,   0.174941E+06,   0.123990E+02,  -0.444336E+05,
    16.182,   0.224000E+00,   0.177550E+06,   0.124331E+02,  -0.444336E+05,
    16.303,   0.219000E+00,   0.176145E+06,   0.124631E+02,  -0.430450E+05,
    16.424,   0.207000E+00,   0.179036E+06,   0.124886E+02,  -0.458221E+05,
    16.545,   0.199000E+00,   0.176129E+06,   0.125091E+02,  -0.472107E+05,
    16.666,   0.191000E+00,   0.179150E+06,   0.125249E+02,  -0.472107E+05,
    16.787,   0.181000E+00,   0.177648E+06,   0.125364E+02,  -0.458221E+05,
    16.908,   0.170999E+00,   0.179665E+06,   0.125437E+02,  -0.444336E+05,
    17.029,   0.148000E+00,   0.179947E+06,   0.125465E+02,  -0.458221E+05,
    17.162,   0.135000E+00,   0.178228E+06,   0.125434E+02,  -0.472107E+05,
    17.295,   0.121000E+00,   0.179470E+06,   0.125343E+02,  -0.444336E+05,
    17.428,   0.107000E+00,   0.178494E+06,   0.125192E+02,  -0.472107E+05,
    17.561,   0.760000E-01,   0.181482E+06,   0.124983E+02,  -0.430450E+05,
    17.695,   0.590000E-01,   0.176362E+06,   0.124714E+02,  -0.444336E+05,
    17.828,   0.410000E-01,   0.179915E+06,   0.124389E+02,  -0.444336E+05,
    17.961,   0.400000E-02,   0.179638E+06,   0.124010E+02,  -0.458221E+05,
    18.094,  -0.140000E-01,   0.176297E+06,   0.123584E+02,  -0.444336E+05,
    18.227,  -0.330000E-01,   0.178217E+06,   0.123113E+02,  -0.472107E+05,
    18.360,  -0.750000E-01,   0.179568E+06,   0.122604E+02,  -0.472107E+05,
    18.493,  -0.960000E-01,   0.174664E+06,   0.122058E+02,  -0.444336E+05,
    18.626,  -0.119000E+00,   0.178282E+06,   0.121483E+02,  -0.444336E+05,
    18.759,  -0.163000E+00,   0.178044E+06,   0.120890E+02,  -0.416565E+05,
    18.892,  -0.185000E+00,   0.173981E+06,   0.120286E+02,  -0.458221E+05,
    19.026,  -0.206000E+00,   0.176183E+06,   0.119673E+02,  -0.472107E+05,
    19.159,  -0.244000E+00,   0.176498E+06,   0.119052E+02,  -0.458221E+05,
    19.292,  -0.261000E+00,   0.172310E+06,   0.118426E+02,  -0.472107E+05,
    19.425,  -0.275000E+00,   0.174371E+06,   0.117805E+02,  -0.444336E+05,
    19.558,  -0.297000E+00,   0.173325E+06,   0.117193E+02,  -0.444336E+05,
    19.691,  -0.303000E+00,   0.171074E+06,   0.116590E+02,  -0.472107E+05,
    19.824,  -0.308000E+00,   0.172055E+06,   0.115997E+02,  -0.430450E+05,
    19.957,  -0.307000E+00,   0.169701E+06,   0.115414E+02,  -0.416565E+05,
    20.090,  -0.302000E+00,   0.170293E+06,   0.114846E+02,  -0.444336E+05,
    20.223,  -0.293000E+00,   0.168573E+06,   0.114296E+02,  -0.444336E+05,
    20.357,  -0.268000E+00,   0.167006E+06,   0.113769E+02,  -0.444336E+05,
    20.490,  -0.252000E+00,   0.169322E+06,   0.113272E+02,  -0.444336E+05,
    20.623,  -0.232000E+00,   0.166610E+06,   0.112814E+02,  -0.430450E+05,
    20.756,  -0.187000E+00,   0.164348E+06,   0.112401E+02,  -0.416565E+05,
    20.889,  -0.161000E+00,   0.168676E+06,   0.112041E+02,  -0.430450E+05,
    21.022,  -0.133000E+00,   0.164673E+06,   0.111743E+02,  -0.402679E+05,
    21.155,  -0.740000E-01,   0.162813E+06,   0.111515E+02,  -0.374908E+05,
    21.288,  -0.429999E-01,   0.168470E+06,   0.111366E+02,  -0.402679E+05,
    21.421,  -0.120000E-01,   0.163833E+06,   0.111305E+02,  -0.402679E+05,
    21.554,   0.490000E-01,   0.162276E+06,   0.111339E+02,  -0.388794E+05,
    21.688,   0.800000E-01,   0.167727E+06,   0.111475E+02,  -0.402679E+05,
    21.821,   0.109000E+00,   0.163431E+06,   0.111713E+02,  -0.388794E+05,
    21.954,   0.163000E+00,   0.162515E+06,   0.112050E+02,  -0.402679E+05,
    22.087,   0.188000E+00,   0.167407E+06,   0.112476E+02,  -0.347137E+05,
    22.220,   0.210000E+00,   0.163947E+06,   0.112985E+02,  -0.388794E+05,
    22.353,   0.247000E+00,   0.164277E+06,   0.113565E+02,  -0.374908E+05,
    22.486,   0.261000E+00,   0.167738E+06,   0.114206E+02,  -0.361023E+05,
    22.619,   0.273000E+00,   0.165688E+06,   0.114895E+02,  -0.430450E+05,
    22.752,   0.286000E+00,   0.167722E+06,   0.115620E+02,  -0.388794E+05,
    22.885,   0.287000E+00,   0.168790E+06,   0.116371E+02,  -0.402679E+05,
    23.019,   0.285000E+00,   0.169533E+06,   0.117139E+02,  -0.402679E+05,
    23.152,   0.269000E+00,   0.172365E+06,   0.117917E+02,  -0.402679E+05,
    23.285,   0.257000E+00,   0.170884E+06,   0.118697E+02,  -0.430450E+05,
    23.418,   0.241000E+00,   0.174014E+06,   0.119472E+02,  -0.416565E+05,
    23.551,   0.200000E+00,   0.176753E+06,   0.120234E+02,  -0.430450E+05,
    23.684,   0.177000E+00,   0.172907E+06,   0.120973E+02,  -0.416565E+05,
    23.817,   0.151000E+00,   0.177431E+06,   0.121682E+02,  -0.444336E+05,
    23.950,   0.940000E-01,   0.179774E+06,   0.122352E+02,  -0.444336E+05,
    24.083,   0.650000E-01,   0.174556E+06,   0.122972E+02,  -0.444336E+05,
    24.216,   0.350000E-01,   0.179589E+06,   0.123532E+02,  -0.444336E+05,
    24.350,  -0.240000E-01,   0.180973E+06,   0.124021E+02,  -0.472107E+05,
    24.483,  -0.520000E-01,   0.175727E+06,   0.124425E+02,  -0.458221E+05,
    24.616,  -0.789999E-01,   0.180289E+06,   0.124734E+02,  -0.458221E+05,
    24.749,  -0.128000E+00,   0.180886E+06,   0.124936E+02,  -0.485992E+05,
    24.882,  -0.150000E+00,   0.176997E+06,   0.125025E+02,  -0.485992E+05,
    25.015,  -0.169000E+00,   0.180262E+06,   0.124992E+02,  -0.485992E+05,
    25.148,  -0.198000E+00,   0.180023E+06,   0.124838E+02,  -0.499878E+05,
    25.281,  -0.208000E+00,   0.177973E+06,   0.124566E+02,  -0.485992E+05,
    25.414,  -0.215000E+00,   0.179779E+06,   0.124187E+02,  -0.499878E+05,
    25.547,  -0.220000E+00,   0.178651E+06,   0.123718E+02,  -0.485992E+05,
    25.681,  -0.218000E+00,   0.178928E+06,   0.123175E+02,  -0.472107E+05,
    25.814,  -0.213000E+00,   0.178423E+06,   0.122575E+02,  -0.444336E+05,
    25.947,  -0.193000E+00,   0.176395E+06,   0.121936E+02,  -0.458221E+05,
    26.080,  -0.180000E+00,   0.178581E+06,   0.121273E+02,  -0.458221E+05,
    26.213,  -0.164000E+00,   0.175451E+06,   0.120598E+02,  -0.472107E+05,
    26.346,  -0.127000E+00,   0.173205E+06,   0.119920E+02,  -0.444336E+05,
    26.479,  -0.106000E+00,   0.175765E+06,   0.119250E+02,  -0.444336E+05,
    26.612,  -0.830000E-01,   0.171600E+06,   0.118595E+02,  -0.416565E+05,
    26.745,  -0.380000E-01,   0.169457E+06,   0.117961E+02,  -0.444336E+05,
    26.878,  -0.140000E-01,   0.172500E+06,   0.117354E+02,  -0.444336E+05,
    27.012,   0.799998E-02,   0.168747E+06,   0.116780E+02,  -0.458221E+05,
    27.145,   0.530000E-01,   0.166545E+06,   0.116243E+02,  -0.444336E+05,
    27.278,   0.740000E-01,   0.170721E+06,   0.115749E+02,  -0.416565E+05,
    27.411,   0.940000E-01,   0.166507E+06,   0.115307E+02,  -0.444336E+05,
    27.544,   0.127000E+00,   0.166875E+06,   0.114925E+02,  -0.416565E+05,
    27.677,   0.140000E+00,   0.168893E+06,   0.114612E+02,  -0.374908E+05,
    27.810,   0.151000E+00,   0.167060E+06,   0.114376E+02,  -0.388794E+05,
    27.943,   0.166000E+00,   0.167239E+06,   0.114227E+02,  -0.388794E+05,
    28.076,   0.168000E+00,   0.168676E+06,   0.114173E+02,  -0.402679E+05,
    28.209,   0.168000E+00,   0.167440E+06,   0.114220E+02,  -0.374908E+05,
    28.343,   0.160000E+00,   0.169240E+06,   0.114385E+02,  -0.402679E+05,
    28.489,   0.152000E+00,   0.167456E+06,   0.114660E+02,  -0.374908E+05,
    28.635,   0.143000E+00,   0.168763E+06,   0.115030E+02,  -0.402679E+05,
    28.782,   0.115000E+00,   0.170135E+06,   0.115475E+02,  -0.402679E+05,
    28.928,   0.990000E-01,   0.167282E+06,   0.115972E+02,  -0.402679E+05,
    29.075,   0.600000E-01,   0.172940E+06,   0.116499E+02,  -0.430450E+05,
    29.221,   0.390000E-01,   0.166295E+06,   0.117036E+02,  -0.430450E+05,
    29.367,  -0.300000E-02,   0.175511E+06,   0.117566E+02,  -0.388794E+05,
    29.514,  -0.250000E-01,   0.166404E+06,   0.118077E+02,  -0.444336E+05,
    29.660,  -0.680000E-01,   0.178570E+06,   0.118560E+02,  -0.444336E+05,
    29.807,  -0.880000E-01,   0.167217E+06,   0.119008E+02,  -0.472107E+05,
    29.953,  -0.123000E+00,   0.180864E+06,   0.119417E+02,  -0.444336E+05,
    30.099,  -0.137000E+00,   0.168410E+06,   0.119785E+02,  -0.444336E+05,
    30.246,  -0.149000E+00,   0.180343E+06,   0.120107E+02,  -0.444336E+05,
    30.392,  -0.165000E+00,   0.172272E+06,   0.120376E+02,  -0.444336E+05,
    30.539,  -0.169000E+00,   0.178917E+06,   0.120588E+02,  -0.444336E+05,
    30.685,  -0.167000E+00,   0.172934E+06,   0.120740E+02,  -0.472107E+05,
    30.832,  -0.162000E+00,   0.178570E+06,   0.120832E+02,  -0.430450E+05,
    30.978,  -0.143000E+00,   0.172023E+06,   0.120862E+02,  -0.485992E+05,
    31.139,  -0.129000E+00,   0.178608E+06,   0.120809E+02,  -0.458221E+05,
    31.300,  -0.940000E-01,   0.169978E+06,   0.120672E+02,  -0.444336E+05,
    31.461,  -0.520000E-01,   0.176362E+06,   0.120464E+02,  -0.430450E+05,
    31.622,  -0.280000E-01,   0.172777E+06,   0.120200E+02,  -0.444336E+05,
    31.783,   0.200000E-01,   0.172826E+06,   0.119896E+02,  -0.444336E+05,
    31.944,   0.450000E-01,   0.174751E+06,   0.119568E+02,  -0.444336E+05,
    32.105,   0.940000E-01,   0.169935E+06,   0.119235E+02,  -0.430450E+05,
    32.266,   0.137000E+00,   0.173232E+06,   0.118918E+02,  -0.430450E+05,
    32.427,   0.157000E+00,   0.173091E+06,   0.118641E+02,  -0.416565E+05,
    32.588,   0.189000E+00,   0.170336E+06,   0.118423E+02,  -0.416565E+05,
    32.750,   0.202000E+00,   0.174073E+06,   0.118272E+02,  -0.416565E+05,
    32.911,   0.218000E+00,   0.168980E+06,   0.118193E+02,  -0.430450E+05,
    33.072,   0.224000E+00,   0.173243E+06,   0.118184E+02,  -0.402679E+05,
    33.233,   0.224000E+00,   0.169045E+06,   0.118246E+02,  -0.416565E+05,
    33.410,   0.213000E+00,   0.172728E+06,   0.118390E+02,  -0.402679E+05,
    33.605,   0.193000E+00,   0.169506E+06,   0.118606E+02,  -0.430450E+05,
    33.800,   0.166000E+00,   0.172506E+06,   0.118878E+02,  -0.430450E+05,
    33.994,   0.149000E+00,   0.168671E+06,   0.119171E+02,  -0.444336E+05,
    34.189,   0.114000E+00,   0.174849E+06,   0.119457E+02,  -0.416565E+05,
    34.384,   0.740000E-01,   0.171323E+06,   0.119730E+02,  -0.444336E+05,
    34.579,   0.320000E-01,   0.176189E+06,   0.119991E+02,  -0.444336E+05,
    34.774,  -0.110001E-01,   0.173298E+06,   0.120228E+02,  -0.444336E+05,
    34.969,  -0.550000E-01,   0.177360E+06,   0.120423E+02,  -0.444336E+05,
    35.164,  -0.980001E-01,   0.174659E+06,   0.120569E+02,  -0.444336E+05,
    35.359,  -0.138000E+00,   0.177957E+06,   0.120662E+02,  -0.444336E+05,
    35.553,  -0.174000E+00,   0.175239E+06,   0.120689E+02,  -0.444336E+05,
    35.748,  -0.205000E+00,   0.177615E+06,   0.120621E+02,  -0.444336E+05,
    35.943,  -0.231000E+00,   0.174664E+06,   0.120427E+02,  -0.472107E+05,
    36.138,  -0.249000E+00,   0.176454E+06,   0.120096E+02,  -0.485992E+05,
    36.333,  -0.261000E+00,   0.174095E+06,   0.119642E+02,  -0.472107E+05,
    36.528,  -0.264000E+00,   0.175483E+06,   0.119096E+02,  -0.472107E+05,
    36.723,  -0.260000E+00,   0.173021E+06,   0.118480E+02,  -0.444336E+05,
    36.917,  -0.247000E+00,   0.174068E+06,   0.117818E+02,  -0.444336E+05,
    37.112,  -0.229000E+00,   0.172169E+06,   0.117140E+02,  -0.416565E+05,
    37.307,  -0.204000E+00,   0.172934E+06,   0.116477E+02,  -0.444336E+05,
    37.502,  -0.174000E+00,   0.170461E+06,   0.115854E+02,  -0.444336E+05,
    37.697,  -0.139000E+00,   0.170607E+06,   0.115290E+02,  -0.444336E+05,
    37.892,  -0.121000E+00,   0.170325E+06,   0.114801E+02,  -0.430450E+05,
    38.087,  -0.810000E-01,   0.167011E+06,   0.114398E+02,  -0.430450E+05,
    38.282,  -0.390000E-01,   0.168085E+06,   0.114095E+02,  -0.416565E+05,
    38.476,   0.100003E-02,   0.166659E+06,   0.113900E+02,  -0.416565E+05,
    38.671,   0.410000E-01,   0.166696E+06,   0.113824E+02,  -0.402679E+05,
    38.866,   0.820001E-01,   0.165975E+06,   0.113874E+02,  -0.402679E+05,
    39.061,   0.120000E+00,   0.166404E+06,   0.114056E+02,  -0.402679E+05,
    39.256,   0.158000E+00,   0.166197E+06,   0.114374E+02,  -0.402679E+05,
    39.451,   0.192000E+00,   0.166886E+06,   0.114825E+02,  -0.402679E+05,
    39.646,   0.222000E+00,   0.167255E+06,   0.115406E+02,  -0.402679E+05,
    39.841,   0.250000E+00,   0.167667E+06,   0.116109E+02,  -0.402679E+05,
    40.035,   0.273000E+00,   0.168796E+06,   0.116910E+02,  -0.416565E+05,
    40.230,   0.291000E+00,   0.169289E+06,   0.117775E+02,  -0.402679E+05,
    40.425,   0.302000E+00,   0.170808E+06,   0.118670E+02,  -0.402679E+05,
    40.620,   0.306000E+00,   0.171312E+06,   0.119578E+02,  -0.416565E+05,
    40.815,   0.302000E+00,   0.172934E+06,   0.120482E+02,  -0.416565E+05,
    41.010,   0.288000E+00,   0.173650E+06,   0.121358E+02,  -0.430450E+05,
    41.205,   0.265000E+00,   0.175299E+06,   0.122188E+02,  -0.444336E+05,
    41.399,   0.235000E+00,   0.175863E+06,   0.122958E+02,  -0.444336E+05,
    41.594,   0.217000E+00,   0.175505E+06,   0.123655E+02,  -0.444336E+05,
    41.789,   0.175000E+00,   0.179470E+06,   0.124256E+02,  -0.472107E+05,
    41.984,   0.127000E+00,   0.177930E+06,   0.124741E+02,  -0.444336E+05,
    42.179,   0.759999E-01,   0.180121E+06,   0.125091E+02,  -0.499878E+05,
    42.374,   0.219999E-01,   0.179362E+06,   0.125284E+02,  -0.472107E+05,
    42.569,  -0.300001E-01,   0.180441E+06,   0.125304E+02,  -0.458221E+05,
    42.764,  -0.820002E-01,   0.180137E+06,   0.125140E+02,  -0.472107E+05,
    42.958,  -0.130000E+00,   0.180284E+06,   0.124795E+02,  -0.485992E+05,
    43.153,  -0.173000E+00,   0.179839E+06,   0.124278E+02,  -0.458221E+05,
    43.348,  -0.211000E+00,   0.179736E+06,   0.123600E+02,  -0.444336E+05,
    43.543,  -0.242000E+00,   0.178830E+06,   0.122776E+02,  -0.472107E+05,
    43.738,  -0.265000E+00,   0.177946E+06,   0.121834E+02,  -0.485992E+05,
    43.933,  -0.280000E+00,   0.176644E+06,   0.120819E+02,  -0.499878E+05,
    44.128,  -0.287000E+00,   0.175375E+06,   0.119769E+02,  -0.472107E+05,
    44.323,  -0.284000E+00,   0.173753E+06,   0.118709E+02,  -0.458221E+05,
    44.517,  -0.274000E+00,   0.172717E+06,   0.117655E+02,  -0.444336E+05,
    44.712,  -0.256000E+00,   0.171334E+06,   0.116630E+02,  -0.472107E+05,
    44.907,  -0.232000E+00,   0.170515E+06,   0.115655E+02,  -0.430450E+05,
    45.102,  -0.201000E+00,   0.169094E+06,   0.114750E+02,  -0.472107E+05,
    45.297,  -0.166000E+00,   0.168340E+06,   0.113938E+02,  -0.430450E+05,
    45.492,  -0.146000E+00,   0.169295E+06,   0.113242E+02,  -0.416565E+05,
    45.687,  -0.104000E+00,   0.165107E+06,   0.112687E+02,  -0.402679E+05,
    45.882,  -0.590000E-01,   0.167423E+06,   0.112291E+02,  -0.388794E+05,
    46.076,  -0.149999E-01,   0.164793E+06,   0.112069E+02,  -0.388794E+05,
    46.271,   0.270001E-01,   0.166322E+06,   0.112033E+02,  -0.402679E+05,
    46.466,   0.660001E-01,   0.164408E+06,   0.112185E+02,  -0.402679E+05,
    46.661,   0.100000E+00,   0.165991E+06,   0.112516E+02,  -0.402679E+05,
    46.856,   0.128000E+00,   0.164841E+06,   0.113007E+02,  -0.402679E+05,
    47.051,   0.148000E+00,   0.166740E+06,   0.113637E+02,  -0.402679E+05,
    47.246,   0.160000E+00,   0.166376E+06,   0.114388E+02,  -0.388794E+05,
    47.440,   0.164000E+00,   0.168720E+06,   0.115245E+02,  -0.388794E+05,
    47.635,   0.161000E+00,   0.168953E+06,   0.116179E+02,  -0.402679E+05,
    47.830,   0.151000E+00,   0.171470E+06,   0.117153E+02,  -0.416565E+05,
    48.025,   0.133000E+00,   0.172028E+06,   0.118133E+02,  -0.402679E+05,
    48.220,   0.111000E+00,   0.173921E+06,   0.119097E+02,  -0.430450E+05,
    48.415,   0.850000E-01,   0.174165E+06,   0.120026E+02,  -0.430450E+05,
    48.610,   0.580000E-01,   0.175418E+06,   0.120893E+02,  -0.430450E+05,
    48.805,   0.310000E-01,   0.175359E+06,   0.121670E+02,  -0.444336E+05,
    48.999,   0.399999E-02,   0.176693E+06,   0.122334E+02,  -0.444336E+05,
    49.194,  -0.700000E-02,   0.175022E+06,   0.122864E+02,  -0.485992E+05,
    49.389,  -0.270000E-01,   0.178711E+06,   0.123239E+02,  -0.472107E+05,
    49.584,  -0.420000E-01,   0.176058E+06,   0.123446E+02,  -0.485992E+05,
    49.779,  -0.519978E-01,   0.178602E+06,   0.123479E+02,  -0.472107E+05,
    49.974,  -0.540000E-01,   0.176270E+06,   0.123327E+02,  -0.444336E+05,
    50.188,  -0.510000E-01,   0.178575E+06,   0.123006E+02,  -0.485992E+05,
    50.402,  -0.430000E-01,   0.176433E+06,   0.122553E+02,  -0.472107E+05,
    50.617,  -0.220000E-01,   0.176801E+06,   0.122005E+02,  -0.444336E+05,
    50.831,  -0.500000E-02,   0.175776E+06,   0.121391E+02,  -0.444336E+05,
    51.046,   0.120000E-01,   0.175288E+06,   0.120730E+02,  -0.444336E+05,
    51.260,   0.290000E-01,   0.173417E+06,   0.120040E+02,  -0.430450E+05,
    51.474,   0.440000E-01,   0.172923E+06,   0.119351E+02,  -0.444336E+05,
    51.689,   0.540000E-01,   0.171475E+06,   0.118691E+02,  -0.416565E+05,
    51.903,   0.590000E-01,   0.171600E+06,   0.118080E+02,  -0.416565E+05,
    52.117,   0.560000E-01,   0.170938E+06,   0.117529E+02,  -0.416565E+05,
    52.332,   0.480000E-01,   0.171236E+06,   0.117054E+02,  -0.416565E+05,
    52.546,   0.380000E-01,   0.170325E+06,   0.116669E+02,  -0.430450E+05,
    52.760,   0.250000E-01,   0.170759E+06,   0.116383E+02,  -0.416565E+05,
    52.975,   0.800001E-02,   0.169973E+06,   0.116201E+02,  -0.416565E+05,
    53.189,  -0.900001E-02,   0.170255E+06,   0.116126E+02,  -0.444336E+05,
    53.404,  -0.280000E-01,   0.169956E+06,   0.116140E+02,  -0.416565E+05,
    53.618,  -0.560000E-01,   0.171323E+06,   0.116212E+02,  -0.416565E+05,
    53.832,  -0.740000E-01,   0.169354E+06,   0.116324E+02,  -0.444336E+05,
    54.047,  -0.900000E-01,   0.171258E+06,   0.116465E+02,  -0.444336E+05,
    54.261,  -0.104000E+00,   0.170086E+06,   0.116631E+02,  -0.430450E+05,
    54.475,  -0.115000E+00,   0.171947E+06,   0.116815E+02,  -0.430450E+05,
    54.690,  -0.122000E+00,   0.171177E+06,   0.117011E+02,  -0.430450E+05,
    54.904,  -0.125000E+00,   0.172891E+06,   0.117207E+02,  -0.430450E+05,
    55.118,  -0.122000E+00,   0.171882E+06,   0.117398E+02,  -0.444336E+05,
    55.333,  -0.114000E+00,   0.173037E+06,   0.117582E+02,  -0.444336E+05,
    55.547,  -0.102000E+00,   0.171833E+06,   0.117764E+02,  -0.416565E+05,
    55.761,  -0.860000E-01,   0.172777E+06,   0.117947E+02,  -0.444336E+05,
    55.976,  -0.660000E-01,   0.171800E+06,   0.118120E+02,  -0.430450E+05,
    56.190,  -0.440000E-01,   0.172864E+06,   0.118271E+02,  -0.416565E+05,
    56.405,  -0.180000E-01,   0.171562E+06,   0.118397E+02,  -0.444336E+05,
    56.619,   0.260000E-01,   0.170927E+06,   0.118509E+02,  -0.430450E+05,
    56.833,   0.610000E-01,   0.172088E+06,   0.118621E+02,  -0.430450E+05,
    57.048,   0.989999E-01,   0.170933E+06,   0.118746E+02,  -0.430450E+05,
    57.262,   0.138000E+00,   0.171703E+06,   0.118894E+02,  -0.430450E+05,
    57.476,   0.177000E+00,   0.171258E+06,   0.119074E+02,  -0.430450E+05,
    57.691,   0.214000E+00,   0.171670E+06,   0.119294E+02,  -0.430450E+05,
    57.905,   0.248000E+00,   0.171329E+06,   0.119563E+02,  -0.416565E+05,
    58.119,   0.290000E+00,   0.170233E+06,   0.119892E+02,  -0.430450E+05,
    58.334,   0.310000E+00,   0.172972E+06,   0.120280E+02,  -0.416565E+05,
    58.548,   0.320000E+00,   0.171578E+06,   0.120706E+02,  -0.430450E+05,
    58.763,   0.320000E+00,   0.173867E+06,   0.121151E+02,  -0.444336E+05,
    58.977,   0.309000E+00,   0.173119E+06,   0.121605E+02,  -0.444336E+05,
    59.191,   0.286000E+00,   0.175212E+06,   0.122066E+02,  -0.430450E+05,
    59.406,   0.251000E+00,   0.174898E+06,   0.122525E+02,  -0.416565E+05,
    59.620,   0.179000E+00,   0.179530E+06,   0.122964E+02,  -0.444336E+05,
    59.834,   0.120000E+00,   0.175125E+06,   0.123349E+02,  -0.444336E+05,
    60.049,   0.530000E-01,   0.180457E+06,   0.123639E+02,  -0.444336E+05,
    60.263,  -0.180001E-01,   0.176942E+06,   0.123792E+02,  -0.472107E+05,
    60.477,  -0.909998E-01,   0.180555E+06,   0.123777E+02,  -0.458221E+05,
    60.692,  -0.164000E+00,   0.177648E+06,   0.123572E+02,  -0.472107E+05,
    60.906,  -0.233000E+00,   0.180408E+06,   0.123152E+02,  -0.485992E+05,
    61.120,  -0.326000E+00,   0.181010E+06,   0.122508E+02,  -0.485992E+05,
    61.335,  -0.379000E+00,   0.177452E+06,   0.121670E+02,  -0.472107E+05,
    61.549,  -0.424000E+00,   0.179432E+06,   0.120698E+02,  -0.472107E+05,
    61.764,  -0.458000E+00,   0.176552E+06,   0.119643E+02,  -0.472107E+05,
    61.978,  -0.480000E+00,   0.176682E+06,   0.118533E+02,  -0.485992E+05,
    62.192,  -0.490000E+00,   0.174296E+06,   0.117381E+02,  -0.485992E+05,
    62.407,  -0.486000E+00,   0.173390E+06,   0.116204E+02,  -0.499878E+05,
    62.621,  -0.456000E+00,   0.170005E+06,   0.115030E+02,  -0.472107E+05,
    62.835,  -0.417000E+00,   0.169989E+06,   0.113897E+02,  -0.444336E+05,
    63.050,  -0.368000E+00,   0.167342E+06,   0.112850E+02,  -0.458221E+05,
    63.264,  -0.307000E+00,   0.167114E+06,   0.111932E+02,  -0.430450E+05,
    63.478,  -0.238000E+00,   0.165894E+06,   0.111164E+02,  -0.402679E+05,
    63.693,  -0.161000E+00,   0.165465E+06,   0.110570E+02,  -0.416565E+05,
    63.907,  -0.819999E-01,   0.164570E+06,   0.110194E+02,  -0.374908E+05,
    64.121,   0.389999E-01,   0.159634E+06,   0.110096E+02,  -0.374908E+05,
    64.336,   0.118000E+00,   0.166328E+06,   0.110310E+02,  -0.374908E+05,
    64.550,   0.193000E+00,   0.160133E+06,   0.110823E+02,  -0.374908E+05,
    64.765,   0.262000E+00,   0.165194E+06,   0.111599E+02,  -0.374908E+05,
    64.979,   0.322000E+00,   0.161565E+06,   0.112585E+02,  -0.347137E+05,
    65.193,   0.373000E+00,   0.165823E+06,   0.113738E+02,  -0.361023E+05,
    65.408,   0.413000E+00,   0.163757E+06,   0.115022E+02,  -0.374908E+05,
    65.622,   0.451000E+00,   0.167152E+06,   0.116425E+02,  -0.388794E+05,
    65.836,   0.460000E+00,   0.169159E+06,   0.117922E+02,  -0.374908E+05,
    66.051,   0.455000E+00,   0.171844E+06,   0.119452E+02,  -0.430450E+05,
    66.265,   0.437000E+00,   0.172972E+06,   0.120951E+02,  -0.430450E+05,
    66.479,   0.407000E+00,   0.174990E+06,   0.122390E+02,  -0.402679E+05,
    66.694,   0.366000E+00,   0.175391E+06,   0.123737E+02,  -0.402679E+05,
    66.908,   0.316000E+00,   0.177539E+06,   0.124941E+02,  -0.444336E+05,
    67.122,   0.227000E+00,   0.181417E+06,   0.125963E+02,  -0.444336E+05,
    67.337,   0.164000E+00,   0.178136E+06,   0.126773E+02,  -0.472107E+05,
    67.551,   0.100000E+00,   0.182768E+06,   0.127336E+02,  -0.485992E+05,
    67.766,   0.390000E-01,   0.180072E+06,   0.127615E+02,  -0.485992E+05,
    67.980,  -0.170000E-01,   0.182247E+06,   0.127594E+02,  -0.485992E+05,
    68.194,  -0.680001E-01,   0.180316E+06,   0.127273E+02,  -0.485992E+05,
    68.409,  -0.111000E+00,   0.181764E+06,   0.126658E+02,  -0.513763E+05,
    68.623,  -0.158000E+00,   0.181732E+06,   0.125772E+02,  -0.485992E+05,
    68.837,  -0.177000E+00,   0.179302E+06,   0.124680E+02,  -0.499878E+05,
    69.052,  -0.188000E+00,   0.179741E+06,   0.123473E+02,  -0.458221E+05,
    69.266,  -0.189000E+00,   0.176747E+06,   0.122223E+02,  -0.472107E+05,
    69.480,  -0.179000E+00,   0.175825E+06,   0.120967E+02,  -0.472107E+05,
    69.695,  -0.160000E+00,   0.173167E+06,   0.119720E+02,  -0.472107E+05,
    69.909,  -0.132000E+00,   0.172175E+06,   0.118499E+02,  -0.472107E+05,
    70.123,  -0.790000E-01,   0.168248E+06,   0.117330E+02,  -0.444336E+05,
    70.338,  -0.400000E-01,   0.170716E+06,   0.116244E+02,  -0.444336E+05,
    70.552,  -0.430652E-07,   0.166545E+06,   0.115276E+02,  -0.444336E+05,
    70.767,   0.390000E-01,   0.168779E+06,   0.114469E+02,  -0.402679E+05,
    70.981,   0.750000E-01,   0.166431E+06,   0.113858E+02,  -0.416565E+05,
    71.195,   0.105000E+00,   0.168519E+06,   0.113469E+02,  -0.402679E+05,
    71.410,   0.125000E+00,   0.166675E+06,   0.113336E+02,  -0.374908E+05,
    71.624,   0.135000E+00,   0.168128E+06,   0.113481E+02,  -0.374908E+05,
    71.838,   0.124000E+00,   0.167705E+06,   0.113879E+02,  -0.374908E+05,
    72.053,   0.990000E-01,   0.168779E+06,   0.114468E+02,  -0.402679E+05,
    72.267,   0.589999E-01,   0.168861E+06,   0.115182E+02,  -0.388794E+05,
    72.481,   0.699999E-02,   0.170531E+06,   0.115969E+02,  -0.444336E+05,
    72.696,  -0.540000E-01,   0.171144E+06,   0.116785E+02,  -0.416565E+05,
    72.910,  -0.123000E+00,   0.173623E+06,   0.117586E+02,  -0.416565E+05,
    73.124,  -0.231000E+00,   0.178125E+06,   0.118332E+02,  -0.430450E+05,
    73.339,  -0.302000E+00,   0.174084E+06,   0.118991E+02,  -0.444336E+05,
    73.553,  -0.366000E+00,   0.179405E+06,   0.119535E+02,  -0.444336E+05,
    73.767,  -0.421000E+00,   0.176335E+06,   0.119935E+02,  -0.472107E+05,
    73.982,  -0.465000E+00,   0.179090E+06,   0.120158E+02,  -0.444336E+05,
    74.196,  -0.495000E+00,   0.176433E+06,   0.120165E+02,  -0.485992E+05,
    74.411,  -0.507000E+00,   0.177859E+06,   0.119913E+02,  -0.472107E+05,
    74.625,  -0.492000E+00,   0.174643E+06,   0.119391E+02,  -0.485992E+05,
    74.839,  -0.459000E+00,   0.175831E+06,   0.118648E+02,  -0.472107E+05,
    75.054,  -0.410000E+00,   0.173108E+06,   0.117779E+02,  -0.472107E+05,
    75.268,  -0.347000E+00,   0.173688E+06,   0.116870E+02,  -0.444336E+05,
    75.482,  -0.273000E+00,   0.171264E+06,   0.115973E+02,  -0.444336E+05,
    75.697,  -0.189000E+00,   0.171041E+06,   0.115125E+02,  -0.472107E+05,
    75.911,  -0.990000E-01,   0.168503E+06,   0.114376E+02,  -0.430450E+05,
    76.125,   0.410000E-01,   0.162845E+06,   0.113784E+02,  -0.416565E+05,
    76.340,   0.135000E+00,   0.168665E+06,   0.113384E+02,  -0.402679E+05,
    76.554,   0.227000E+00,   0.161397E+06,   0.113194E+02,  -0.388794E+05,
    76.768,   0.315000E+00,   0.165785E+06,   0.113232E+02,  -0.402679E+05,
    76.983,   0.398000E+00,   0.161511E+06,   0.113518E+02,  -0.374908E+05,
    77.197,   0.473000E+00,   0.165140E+06,   0.114068E+02,  -0.374908E+05,
    77.412,   0.539000E+00,   0.162124E+06,   0.114888E+02,  -0.388794E+05,
    77.626,   0.620000E+00,   0.162986E+06,   0.115954E+02,  -0.374908E+05,
    77.840,   0.659000E+00,   0.166859E+06,   0.117196E+02,  -0.374908E+05,
    78.055,   0.685000E+00,   0.166621E+06,   0.118546E+02,  -0.374908E+05,
    78.269,   0.698000E+00,   0.169457E+06,   0.119962E+02,  -0.374908E+05,
    78.483,   0.696000E+00,   0.170097E+06,   0.121420E+02,  -0.374908E+05,
    78.698,   0.678000E+00,   0.172451E+06,   0.122902E+02,  -0.402679E+05,
    78.912,   0.643000E+00,   0.173970E+06,   0.124373E+02,  -0.416565E+05,
    79.126,   0.562000E+00,   0.179367E+06,   0.125779E+02,  -0.430450E+05,
    79.341,   0.487000E+00,   0.176829E+06,   0.127050E+02,  -0.444336E+05,
    79.555,   0.400000E+00,   0.182350E+06,   0.128118E+02,  -0.444336E+05,
    79.769,   0.301000E+00,   0.180821E+06,   0.128945E+02,  -0.472107E+05,
    79.984,   0.191000E+00,   0.184476E+06,   0.129521E+02,  -0.472107E+05,
    80.198,   0.740003E-01,   0.183294E+06,   0.129828E+02,  -0.499878E+05,
    80.412,  -0.470001E-01,   0.186315E+06,   0.129804E+02,  -0.513763E+05,
    80.627,  -0.230000E+00,   0.191750E+06,   0.129387E+02,  -0.485992E+05,
    80.841,  -0.347000E+00,   0.182291E+06,   0.128584E+02,  -0.513763E+05,
    81.056,  -0.458000E+00,   0.189732E+06,   0.127471E+02,  -0.485992E+05,
    81.270,  -0.557000E+00,   0.182339E+06,   0.126135E+02,  -0.499878E+05,
    81.484,  -0.642000E+00,   0.186576E+06,   0.124606E+02,  -0.499878E+05,
    81.699,  -0.710000E+00,   0.180327E+06,   0.122872E+02,  -0.513763E+05,
    81.913,  -0.759000E+00,   0.182377E+06,   0.120954E+02,  -0.513763E+05,
    82.127,  -0.791000E+00,   0.176753E+06,   0.118907E+02,  -0.499878E+05,
    82.342,  -0.784000E+00,   0.175158E+06,   0.116806E+02,  -0.485992E+05,
    82.556,  -0.752000E+00,   0.171030E+06,   0.114747E+02,  -0.485992E+05,
    82.770,  -0.701000E+00,   0.170797E+06,   0.112806E+02,  -0.472107E+05,
    82.985,  -0.629000E+00,   0.167282E+06,   0.111011E+02,  -0.444336E+05,
    83.199,  -0.543000E+00,   0.167412E+06,   0.109378E+02,  -0.444336E+05,
    83.413,  -0.441000E+00,   0.163138E+06,   0.107952E+02,  -0.444336E+05,
    83.628,  -0.275000E+00,   0.157486E+06,   0.106816E+02,  -0.402679E+05,
    83.842,  -0.158000E+00,   0.163697E+06,   0.106038E+02,  -0.374908E+05,
    84.057,  -0.400004E-01,   0.156293E+06,   0.105654E+02,  -0.361023E+05,
    84.271,   0.730002E-01,   0.160931E+06,   0.105696E+02,  -0.361023E+05,
    84.485,   0.181000E+00,   0.156581E+06,   0.106169E+02,  -0.361023E+05,
    84.700,   0.280000E+00,   0.160199E+06,   0.107044E+02,  -0.361023E+05,
    84.914,   0.368000E+00,   0.157237E+06,   0.108273E+02,  -0.319366E+05,
    85.128,   0.474000E+00,   0.157248E+06,   0.109816E+02,  -0.333252E+05,
    85.343,   0.527000E+00,   0.162845E+06,   0.111612E+02,  -0.361023E+05,
    85.557,   0.561000E+00,   0.162287E+06,   0.113551E+02,  -0.347137E+05,
    85.771,   0.580000E+00,   0.166886E+06,   0.115541E+02,  -0.374908E+05,
    85.986,   0.578000E+00,   0.168031E+06,   0.117545E+02,  -0.361023E+05,
    86.200,   0.561000E+00,   0.171236E+06,   0.119552E+02,  -0.388794E+05,
    86.414,   0.503000E+00,   0.175153E+06,   0.121531E+02,  -0.402679E+05,
    86.629,   0.445000E+00,   0.174702E+06,   0.123428E+02,  -0.402679E+05,
    86.843,   0.376000E+00,   0.179193E+06,   0.125179E+02,  -0.444336E+05,
    87.058,   0.301000E+00,   0.179226E+06,   0.126711E+02,  -0.444336E+05,
    87.272,   0.220000E+00,   0.181981E+06,   0.127944E+02,  -0.472107E+05,
    87.486,   0.137000E+00,   0.181038E+06,   0.128835E+02,  -0.485992E+05,
    87.701,   0.550001E-01,   0.182871E+06,   0.129378E+02,  -0.485992E+05,
    87.915,  -0.590000E-01,   0.186462E+06,   0.129550E+02,  -0.527649E+05,
    88.129,  -0.127000E+00,   0.181444E+06,   0.129314E+02,  -0.541534E+05,
    88.344,  -0.187000E+00,   0.186619E+06,   0.128695E+02,  -0.499878E+05,
    88.558,  -0.235000E+00,   0.182280E+06,   0.127764E+02,  -0.485992E+05,
    88.772,  -0.271000E+00,   0.184758E+06,   0.126597E+02,  -0.485992E+05,
    88.987,  -0.292000E+00,   0.180116E+06,   0.125260E+02,  -0.513763E+05,
    89.201,  -0.302000E+00,   0.181130E+06,   0.123790E+02,  -0.485992E+05,
    89.415,  -0.291000E+00,   0.175695E+06,   0.122202E+02,  -0.485992E+05,
    89.630,  -0.270000E+00,   0.176519E+06,   0.120543E+02,  -0.458221E+05,
    89.844,  -0.239000E+00,   0.171502E+06,   0.118889E+02,  -0.472107E+05,
    90.058,  -0.202000E+00,   0.172218E+06,   0.117299E+02,  -0.444336E+05,
    90.273,  -0.160000E+00,   0.168720E+06,   0.115814E+02,  -0.444336E+05,
    90.487,  -0.117000E+00,   0.170092E+06,   0.114464E+02,  -0.416565E+05,
    90.702,  -0.750000E-01,   0.167033E+06,   0.113310E+02,  -0.402679E+05,
    90.916,  -0.190000E-01,   0.166018E+06,   0.112412E+02,  -0.388794E+05,
    91.130,   0.110000E-01,   0.166832E+06,   0.111792E+02,  -0.402679E+05,
    91.345,   0.360000E-01,   0.164982E+06,   0.111446E+02,  -0.402679E+05,
    91.559,   0.540000E-01,   0.165606E+06,   0.111379E+02,  -0.374908E+05,
    91.773,   0.650000E-01,   0.164961E+06,   0.111582E+02,  -0.374908E+05,
    91.988,   0.680000E-01,   0.165514E+06,   0.112027E+02,  -0.374908E+05,
    92.202,   0.640000E-01,   0.165509E+06,   0.112676E+02,  -0.402679E+05,
    92.416,   0.490000E-01,   0.166848E+06,   0.113483E+02,  -0.374908E+05,
    92.631,   0.330000E-01,   0.167304E+06,   0.114395E+02,  -0.402679E+05,
    92.845,   0.160000E-01,   0.169213E+06,   0.115359E+02,  -0.444336E+05,
    93.059,  -0.999975E-03,   0.170336E+06,   0.116332E+02,  -0.416565E+05,
    93.274,  -0.180000E-01,   0.172017E+06,   0.117288E+02,  -0.430450E+05,
    93.488,  -0.330000E-01,   0.172988E+06,   0.118216E+02,  -0.430450E+05,
    93.703,  -0.440000E-01,   0.173965E+06,   0.119092E+02,  -0.444336E+05,
    93.917,  -0.530000E-01,   0.174816E+06,   0.119887E+02,  -0.416565E+05,
    94.131,  -0.520000E-01,   0.174599E+06,   0.120580E+02,  -0.416565E+05,
    94.346,  -0.460000E-01,   0.175554E+06,   0.121159E+02,  -0.444336E+05,
    94.560,  -0.350000E-01,   0.175125E+06,   0.121605E+02,  -0.458221E+05,
    94.774,  -0.200000E-01,   0.175679E+06,   0.121906E+02,  -0.444336E+05,
    94.989,  -0.100003E-02,   0.175245E+06,   0.122060E+02,  -0.444336E+05,
    95.203,   0.190000E-01,   0.176085E+06,   0.122078E+02,  -0.458221E+05,
    95.417,   0.540000E-01,   0.174263E+06,   0.121981E+02,  -0.444336E+05,
    95.632,   0.770000E-01,   0.177024E+06,   0.121798E+02,  -0.444336E+05,
    95.846,   0.980000E-01,   0.174507E+06,   0.121561E+02,  -0.444336E+05,
    96.060,   0.118000E+00,   0.176015E+06,   0.121291E+02,  -0.416565E+05,
    96.275,   0.134000E+00,   0.173992E+06,   0.121007E+02,  -0.444336E+05,
    96.489,   0.147000E+00,   0.174556E+06,   0.120719E+02,  -0.444336E+05,
    96.704,   0.155000E+00,   0.172614E+06,   0.120437E+02,  -0.416565E+05,
    96.918,   0.160000E+00,   0.172869E+06,   0.120166E+02,  -0.416565E+05,
    97.132,   0.159000E+00,   0.171752E+06,   0.119904E+02,  -0.444336E+05,
    97.347,   0.153000E+00,   0.172321E+06,   0.119640E+02,  -0.416565E+05,
    97.561,   0.141000E+00,   0.171703E+06,   0.119377E+02,  -0.402679E+05,
    97.775,   0.124000E+00,   0.172527E+06,   0.119129E+02,  -0.416565E+05,
    97.990,   0.102000E+00,   0.172104E+06,   0.118919E+02,  -0.444336E+05,
    98.204,   0.740000E-01,   0.173129E+06,   0.118757E+02,  -0.430450E+05,
    98.418,   0.230000E-01,   0.174578E+06,   0.118643E+02,  -0.416565E+05,
    98.633,  -0.149999E-01,   0.172397E+06,   0.118569E+02,  -0.416565E+05,
    98.847,  -0.569999E-01,   0.174475E+06,   0.118521E+02,  -0.416565E+05,
    99.061,  -0.100000E+00,   0.172755E+06,   0.118472E+02,  -0.444336E+05,
    99.276,  -0.143000E+00,   0.173867E+06,   0.118397E+02,  -0.444336E+05,
    99.490,  -0.182000E+00,   0.172565E+06,   0.118270E+02,  -0.444336E+05,
    99.704,  -0.218000E+00,   0.173748E+06,   0.118070E+02,  -0.444336E+05,
    99.919,  -0.257000E+00,   0.173835E+06,   0.117783E+02,  -0.458221E+05,
